Matrix,Size,Time,Memory,RelError
G3_circuit.mtx,1585478,13.755068,113109632.000000,3.523124e-12
ifiss_mat.mtx,96307,2.152247,125360.000000,8.711620e-15
