Matrix,Size,Time,Memory,RelError
GT01R.mtx,7980,0.270080,9102.128000,2.415960e-15
