Matrix,Size,Time,Memory,RelError
G3_circuit.mtx,1585478,10.723355,12094224.000000,3.523124e-12
ifiss_mat.mtx,96307,2.200586,149888.000000,8.711620e-15
