Matrix,Size,Time,Memory,RelError
G3_circuit.mtx,1585478,11.115659,13507.384000,3.523124e-12
GT01R.mtx,7980,0.166992,8.440000,2.415960e-15