Matrix,Size,Time,Memory,RelError
G3_circuit.mtx,1585478,23.657623,13719.312000,3.523124e-12
GT01R.mtx,7980,0.417961,0.512000,2.415960e-15
TSC_OPF_1047.mtx,8140,1.417054,4463.824000,5.875148e-12
bundle_adj.mtx,513351,4.797965,4107.264000,1.121015e-05
ifiss_mat.mtx,96307,4.727217,0.976000,8.711620e-15
ns3Da.mtx,20414,3.223964,165.296000,9.483563e-16
