Matrix,Size,Time,Memory,RelError
G3_circuit.mtx,1585478,11.071116,11939936.000000,3.523124e-12
ifiss_mat.mtx,96307,1.928808,2162352.000000,8.711620e-15
