Matrix,Size,Time,Memory,RelError,isCholesky
GT01R.mtx,unknown,1.050512e+02,1275.4,3.883396e-12,unknown
TSC_OPF_1047.mtx,7977,1.781719e+00,222.8,3.854644e-15,unknown
ifiss_mat.mtx,8139,1.734728e+00,259.2,2.410520e-11,unknown
ns3Da.mtx,unknown,1.300345e+01,513.4,1.121015e-05,unknown
G3_circuit.mtx,96307,4.247433e+00,717.1,1.001640e-13,unknown
bundle_adj.mtx,unknown,9.076962e+01,4289.2,7.198507e-11,unknown
nd24k.mtx,20414,3.023793e+00,1248.0,1.032228e-15,unknown
