Matrix,Size,Time,Memory,RelError
G3_circuit.mtx,1585478,10.813209,0.000000,3.523124e-12
GT01R.mtx,7980,0.166273,0.000000,2.415960e-15
