Matrix,Size,Time,Memory,RelError,isCholesky
ifiss_mat.mtx,96307,5.538455011999758,588.62890625,7.180872758998441e-14,False
G3_circuit.mtx,1585478,25.35386839399871,1432.56640625,8.731322772877361e-13,True
