Matrix,Size,Time,Memory,RelError,isCholesky
nd24k.mtx,72000,609.0513463749994,4556.926976,1.772256586438878e-11,True
