Matrix,Cholesky,Time,Memory,RelError
ifiss_mat.mtx,False,3.0291383379990293,583.24609375,7.180872758998441e-14
G3_circuit.mtx,True,22.243460805000723,1432.46484375,8.731322772877361e-13
