Matrix,Size,Time,Memory,RelError,isCholesky
GT01R.mtx,7980,0.2750633369996649,74.79296,3.875799809832805e-15,False
TSC_OPF_1047.mtx,8140,1.6779629810007464,127.16032,6.129521931449594e-12,False
ifiss_mat.mtx,96307,2.196819446999143,134.930432,7.180872758998441e-14,False
ns3Da.mtx,20414,2.417589622999003,131.084288,1.0008330650317692e-15,False
G3_circuit.mtx,1585478,20.423777092999444,319.193088,8.731322772877361e-13,True
bundle_adj.mtx,513351,1.7061327669998718,500.649984,1.3226423060529224e-05,True
nd24k.mtx,72000,201.89034897199963,444.628992,1.772256586438878e-11,True
