Matrix,Cholesky,Time,Memory,RelError
ifiss_mat.mtx,False,5.351035071999831,586.04296875,7.180872758998441e-14
G3_circuit.mtx,True,23.323699990999557,1471.11328125,8.731322772877361e-13
