Matrix,Size,Time,Memory,RelError,isCholesky
GT01R.mtx,7980,1.2866148000000002,131092480,7.403415175068359e-13,False
