Matrix,Size,Time,Memory,RelError,isCholesky
GT01R.mtx,7980,0.4470279360000404,147.636224,3.875799809832805e-15,False
G3_circuit.mtx,1585478,23.34205979300009,1514.246144,8.731322772877361e-13,True
